{
  "train_loss": [
    0.5396152039868148,
    0.5335080798574102,
    0.5319542278705421,
    0.53115959773874,
    0.5308299809626217,
    0.5310410532628962,
    0.5302699662442074,
    0.5299118809527924,
    0.530650270017874,
    0.5299302598230912,
    0.5300037804233696,
    0.5300094152678633,
    0.5299252234620556,
    0.5297204298126801,
    0.5287742325027766,
    0.5284974884502198,
    0.5284225751325495,
    0.5283853722495432,
    0.528273554181007,
    0.5283051395236548,
    0.5283575544840889,
    0.5282269132061057,
    0.5277506115502993,
    0.5280083172285377,
    0.527702060326859,
    0.5274712155403313,
    0.527617570348067,
    0.5273420127655829,
    0.5275507175579306,
    0.5272990479323351,
    0.5270832153339264,
    0.5276052118191822,
    0.5270699570036305,
    0.527295689881801,
    0.527329122042645,
    0.526818561589353,
    0.5269266990506524,
    0.5268726853977986,
    0.5269271669702587,
    0.5265548605933044,
    0.5267696563731377,
    0.5265183575407126,
    0.5267387666948422,
    0.5265436173029935,
    0.526496728637982,
    0.5266436537469887,
    0.5267070868397586
  ],
  "val_loss": [
    0.5327101105713413,
    0.5288845083510229,
    0.5290009470257032,
    0.5292262611309071,
    0.5279360647657428,
    0.5289261887085838,
    0.5278819573017978,
    0.5293192091838334,
    0.5274241994825752,
    0.5270024922313,
    0.5280600541321806,
    0.5281415493143313,
    0.527769618333156,
    0.527186874502389,
    0.5260141714444764,
    0.5264619820647769,
    0.5261986752351125,
    0.5258895302003668,
    0.5260508702706921,
    0.5262259034685386,
    0.5265744765137517,
    0.526501902776171,
    0.5257555007626536,
    0.5256089669789454,
    0.5258815217695803,
    0.5260066194435731,
    0.5261466383780004,
    0.5255026319076233,
    0.5257568983914624,
    0.5258164653790397,
    0.5256743022945808,
    0.5259590530118277,
    0.5257630007057535,
    0.5256994328141521,
    0.5256562802064635,
    0.5252716331056846,
    0.5252139056221767,
    0.5253359335029464,
    0.5252895460726371,
    0.5252295635467352,
    0.5251099324811644,
    0.525169173414393,
    0.5251535128715427,
    0.5254837095891475,
    0.5255248080698403,
    0.5252135822631284,
    0.5252266291346045
  ],
  "val_auc": [
    0.6896895229138733,
    0.6968121356746337,
    0.6977606975939129,
    0.6974657663662717,
    0.6989703506956267,
    0.6989610182489245,
    0.6986073799550829,
    0.6980574635479773,
    0.6999248639826193,
    0.7003672044031094,
    0.6991630554806643,
    0.7003062781120105,
    0.7003181892060997,
    0.699228265586304,
    0.7017254118344367,
    0.7006661728647474,
    0.7015295223989796,
    0.7018365987632607,
    0.7016013609239967,
    0.7013856865343576,
    0.7018903992945624,
    0.7012520524173398,
    0.7019256435950725,
    0.702005740478658,
    0.701744156135135,
    0.7018047522590642,
    0.7018170603896232,
    0.7022983730741066,
    0.7022844308250256,
    0.7020541371346413,
    0.7026069289216536,
    0.7020210911623735,
    0.7020358943536942,
    0.7024073867506757,
    0.702405811142791,
    0.7026829133432799,
    0.7028572165327824,
    0.7026746257293925,
    0.702755332795342,
    0.7028912362892337,
    0.7030443753452389,
    0.7030530098436207,
    0.7029624437352305,
    0.7027352761846283,
    0.7028738920645072,
    0.7029452708630859,
    0.7029046728392325
  ]
}