{
  "train_loss": [
    0.5512583409204174,
    0.5413812253642921,
    0.5391366472114651,
    0.5377429168128488,
    0.536175510201513,
    0.5354623295989631,
    0.5346110136392401,
    0.5339219510664184,
    0.5330816587393226,
    0.5323889150827538,
    0.5317442536953106,
    0.5311089120345771,
    0.530543081002891,
    0.5301811721783459,
    0.5291095508756894,
    0.5288760926065623,
    0.528721946771965,
    0.527663132340029,
    0.5272759835215778,
    0.5270580042301656,
    0.5266208683943411,
    0.5264255711889637,
    0.5257632528444903,
    0.5252025252528907,
    0.5247096211984311,
    0.5241828730058431,
    0.5242595385475864,
    0.5240447798402629,
    0.5224565845910356,
    0.5219652795693601,
    0.5215612123441674,
    0.5211244115632329,
    0.5212626037612904,
    0.5208379173316929,
    0.52041612048844,
    0.5204270780631101,
    0.5202705390162531,
    0.5193142996307049
  ],
  "val_loss": [
    0.5377076332883317,
    0.5368794228217398,
    0.535032472022128,
    0.5330203339573025,
    0.5317686957136297,
    0.5345404094965883,
    0.531810443530711,
    0.5313557672870252,
    0.5321369532312842,
    0.5285720906824413,
    0.5282131093879079,
    0.5299736297561832,
    0.5279465075919179,
    0.5274754532393867,
    0.5284264131571895,
    0.5269139985089463,
    0.5284087168153866,
    0.526037371589848,
    0.5253369470899419,
    0.5263493628618945,
    0.5252988584127845,
    0.5259183698384337,
    0.525596153597499,
    0.5243441028958451,
    0.5246151861294296,
    0.5248255223728889,
    0.5328600550652782,
    0.5254704184464398,
    0.5260558756746987,
    0.5234141612391755,
    0.5235846872785602,
    0.5238634357926766,
    0.5245652919591859,
    0.5242484803347625,
    0.5257329802950531,
    0.5240595949096581,
    0.5249323650848033,
    0.5249764797607441
  ],
  "val_auc": [
    0.6799395108669509,
    0.6853160784348471,
    0.6861778481818634,
    0.6879347303806831,
    0.6915791532114838,
    0.6909520194800303,
    0.6935525164108756,
    0.6942732002932386,
    0.6938208838090325,
    0.6967050737457628,
    0.6974245414427294,
    0.6975727614258423,
    0.6984392036652067,
    0.699499842710868,
    0.6992409038840324,
    0.7012637169308846,
    0.6999709118544348,
    0.7021334692006064,
    0.7024231929814986,
    0.7025975254263199,
    0.7038292746524019,
    0.7034343780003681,
    0.7037775679660612,
    0.704488338474677,
    0.704502134447164,
    0.7040174156077041,
    0.7013733825831301,
    0.7024198119025097,
    0.7053321120212905,
    0.7055050903627839,
    0.7049936990312268,
    0.7052866241798637,
    0.7060850185476631,
    0.7053155493315096,
    0.7031027689615946,
    0.7055107199219903,
    0.7048634125585478,
    0.7036598696391352
  ]
}