Model,Dataset,AUC-ROC,AUC-PR,Accuracy,F1-Score,Sensitivity,Specificity
Logistic Regression,Train,0.5659087800105311,0.5557444989368451,0.548855914977641,0.5377211122186352,0.5247691503571636,0.5729426795981184
Logistic Regression,Validation,0.5468124914437864,0.1863641059547317,0.5323665746803022,0.2685287064466074,0.527429901363183,0.5333261525204653
Logistic Regression,Test,0.5528244719899501,0.18715964901689683,0.5283098906005805,0.26929063051222635,0.5400943396226415,0.5260497046458411
Random Forest,Train,0.9653769086379469,0.971799558762279,0.8997038155525873,0.8949193793732888,0.854172716185609,0.9452349149195656
Random Forest,Validation,0.5871743284897426,0.21045540909673394,0.48345147268365707,0.29284673695646807,0.6572093538734346,0.44967686342093927
Random Forest,Test,0.5852043321061142,0.20815859827424874,0.4889260995757982,0.28938627262285416,0.6466426193118757,0.458677026235964
Gradient Boosting,Train,0.7711565291375362,0.7857360433206784,0.6920988442999013,0.6875027629194111,0.6773912538474941,0.7068064347523085
Gradient Boosting,Validation,0.5649655975158128,0.19914237428563308,0.5021914398571505,0.276350288411117,0.5840629502382799,0.48627746660922017
Gradient Boosting,Test,0.5635940283683637,0.19586962577191624,0.5083947309667336,0.27466482195210334,0.5783851276359601,0.4949709967537651
