{
  "train_loss": [
    0.5556829726657894,
    0.544992334565489,
    0.5416739376618362,
    0.5398507662808422,
    0.5384493270874459,
    0.5372214638081355,
    0.536260547105337,
    0.535229147991779,
    0.5347038603580504,
    0.5342400263792415,
    0.5338625619677225,
    0.5331244290746364,
    0.5326596639808753,
    0.5319771269594169,
    0.531990236210028,
    0.5313168475212927,
    0.5308816211171322,
    0.5306538596933102,
    0.5305277370818405,
    0.529983104160247,
    0.5301686231678291,
    0.5296023773406401,
    0.5290407806212851,
    0.5291078327425325,
    0.5286839976736594,
    0.5287256676783677,
    0.5283087462309345,
    0.528230409417429,
    0.5276149939379773,
    0.527269386371122,
    0.5274704146080226,
    0.5268157621587777,
    0.5260681242308916,
    0.5259339033794926,
    0.5254971391128699,
    0.5248017069437342,
    0.5250459143346496,
    0.5243395982048946,
    0.5244841082910796,
    0.5244638730587617,
    0.5242242191876925,
    0.5241867733524509,
    0.5231627145141377,
    0.5232206220058286,
    0.523619968415178,
    0.5226835384250177,
    0.5228949132413284,
    0.5227166224337431,
    0.5228652542532716,
    0.5225654896289151
  ],
  "val_loss": [
    0.5433885899471066,
    0.5409373219777139,
    0.5380247903732674,
    0.5373857598896175,
    0.5357596926602899,
    0.5349895902536328,
    0.5345314343000259,
    0.5343555433035513,
    0.5341567692830581,
    0.5329238970304336,
    0.5327055089233458,
    0.533221153094787,
    0.5329474290828065,
    0.5330921019540584,
    0.53231988042516,
    0.5320698593476022,
    0.53232780376146,
    0.5316478690897771,
    0.531809355476414,
    0.5316123745238134,
    0.5312572667611045,
    0.5309403311528593,
    0.5317888386181775,
    0.5311177756435187,
    0.5312857955925224,
    0.5311107461458645,
    0.5320213014303252,
    0.5307843449503876,
    0.5314086144284684,
    0.5310416598960719,
    0.5318922562192577,
    0.5308095151293801,
    0.5302325162930698,
    0.5302175847904935,
    0.5304346355664946,
    0.530088624750921,
    0.5303268893898612,
    0.5300131668878156,
    0.5303843099171494,
    0.5300884433186948,
    0.5301393665546594,
    0.5301717018434243,
    0.5299557882531977,
    0.5298516467714186,
    0.5301886970220611,
    0.5298848054359742,
    0.5297632436111608,
    0.5298635740920863,
    0.5298880617439901,
    0.5298066915467728
  ],
  "val_auc": [
    0.6663407192286392,
    0.6734718452871751,
    0.6773052073255486,
    0.6801778832046593,
    0.6821762889569571,
    0.6830112733699323,
    0.684761226237524,
    0.6842445689485801,
    0.6849567478918304,
    0.6858940966653408,
    0.6870240749959262,
    0.6861526050210569,
    0.6869892277318858,
    0.6866729484801717,
    0.6873818968003582,
    0.6880379431454642,
    0.6872576285646926,
    0.688986801797263,
    0.6887766023315738,
    0.6887585852345146,
    0.6893178466263163,
    0.6897083633391904,
    0.6889213074970976,
    0.6898958188841662,
    0.6899477261784074,
    0.6897720479889204,
    0.689405809011332,
    0.6904318181181783,
    0.6893262052888351,
    0.6899479309656391,
    0.6889464085606413,
    0.6902863230590465,
    0.6911211402987711,
    0.691350911572748,
    0.6907666118073714,
    0.6911501991890174,
    0.6914882151426115,
    0.6915928697766771,
    0.6910266623363223,
    0.6913880992622936,
    0.6913949742622153,
    0.691315621299594,
    0.6916059636215126,
    0.691733195003041,
    0.6914541452341854,
    0.6915986999437839,
    0.6920161817019431,
    0.6919186068550311,
    0.6916323393810904,
    0.6918833416578647
  ]
}